feature,group,d,auc,nan_frac,auc_asvspoof2019_la,auc_asvspoof5,auc_dfadd,auc_in_the_wild,auc_librisevoc,auc_lj,auc_sonar,auc_within,same_sign
shimmer_local,phonation,0.438,0.613,0.002,0.536,0.673,0.414,0.64,0.767,0.681,0.557,0.61,6
alpha_ratio_db,phonation,-0.249,0.431,0.0,0.478,0.382,0.41,0.261,0.505,0.319,0.434,0.398,6
am_0.5_2,rhythm,-0.282,0.423,0.0,0.484,0.41,0.306,0.398,0.46,0.267,0.52,0.406,6
f0_std_st,phonation,-0.412,0.366,0.002,0.366,0.35,0.447,0.407,0.46,0.385,0.441,0.408,7
voiced_segs_per_s,phonation,0.311,0.587,0.0,0.826,0.553,0.665,0.51,0.596,0.597,0.358,0.586,6
gd_voiced_std,phase,-0.461,0.365,0.001,0.464,0.32,0.435,0.436,0.424,0.384,0.436,0.414,7
tilt_db_oct,phonation,-0.249,0.417,0.0,0.444,0.454,0.371,0.32,0.484,0.397,0.436,0.415,7
voiced_frac,phonation,0.262,0.568,0.0,0.863,0.567,0.752,0.508,0.429,0.594,0.379,0.585,5
cpps_db,phonation,-0.198,0.452,0.001,0.531,0.425,0.512,0.181,0.321,0.625,0.324,0.417,4
shimmer_apq3,phonation,0.338,0.572,0.002,0.586,0.633,0.337,0.606,0.742,0.505,0.577,0.569,6
f1_mean,articulation,-0.177,0.411,0.002,0.474,0.475,0.458,0.287,0.452,0.387,0.495,0.432,7
am_4_8,rhythm,0.203,0.563,0.0,0.521,0.591,0.53,0.603,0.527,0.691,0.479,0.563,6
f0_range_st,phonation,-0.33,0.387,0.002,0.394,0.37,0.533,0.48,0.455,0.43,0.397,0.437,6
hf_ratio_db,turbulence,-0.285,0.394,0.0,0.471,0.427,0.449,0.47,0.488,0.297,0.462,0.438,7
pause_floor_db,respiration,-0.377,0.402,0.077,0.485,0.365,0.31,0.245,0.642,0.533,0.503,0.44,4
f0_delta_std_st,phonation,-0.243,0.421,0.002,0.333,0.469,0.425,0.503,0.405,0.5,0.454,0.441,6
f1_std,articulation,0.058,0.522,0.002,0.419,0.483,0.429,0.416,0.445,0.368,0.552,0.444,6
fvel_f2_med,articulation,0.235,0.556,0.002,0.547,0.617,0.358,0.507,0.494,0.683,0.665,0.553,5
pauses_per_s,respiration,-0.069,0.479,0.0,0.462,0.437,0.549,0.497,0.514,0.278,0.457,0.456,5
am_peak_hz,rhythm,0.108,0.537,0.0,0.561,0.505,0.508,0.567,0.533,0.562,0.555,0.542,7
am_2_4,rhythm,0.111,0.535,0.0,0.532,0.534,0.678,0.509,0.538,0.597,0.4,0.541,6
jitter_rap,phonation,0.25,0.548,0.002,0.381,0.692,0.419,0.611,0.625,0.445,0.613,0.541,4
pause_frac,respiration,0.04,0.49,0.0,0.463,0.465,0.563,0.511,0.503,0.271,0.459,0.462,4
gd_std,phase,-0.37,0.384,0.0,0.492,0.312,0.73,0.467,0.409,0.422,0.411,0.463,6
hf_flatness_unv,turbulence,0.128,0.559,0.0,0.695,0.52,0.383,0.071,0.661,0.854,0.545,0.533,5
f0_onset_dev_st,phonation,-0.271,0.431,0.004,0.347,0.397,0.485,0.433,0.438,0.575,0.599,0.468,5
hf_flatness,turbulence,0.165,0.553,0.0,0.554,0.556,0.32,0.072,0.711,0.893,0.612,0.531,5
pause_mean_s,respiration,0.056,0.494,0.0,0.475,0.5,0.567,0.541,0.484,0.303,0.431,0.472,4
f0_mean_st,phonation,-0.1,0.469,0.002,0.559,0.513,0.471,0.323,0.506,0.444,0.501,0.474,3
breath_per_min,respiration,-0.012,0.487,0.0,0.503,0.439,0.527,0.549,0.471,0.454,0.405,0.478,4
am_8_16,rhythm,0.072,0.513,0.0,0.518,0.547,0.433,0.489,0.538,0.607,0.518,0.521,5
f0_decl_st_s,phonation,0.161,0.523,0.002,0.785,0.534,0.441,0.517,0.529,0.371,0.452,0.518,4
vtl_cv,resonance,-0.091,0.462,0.002,0.437,0.519,0.504,0.85,0.415,0.335,0.565,0.518,4
h1h2_db,phonation,0.433,0.627,0.001,0.534,0.621,0.469,0.415,0.491,0.36,0.708,0.514,3
gd_absmean,phase,-0.119,0.457,0.0,0.466,0.336,0.605,0.591,0.414,0.593,0.405,0.487,4
fvel_f3_p95,articulation,-0.016,0.493,0.002,0.463,0.551,0.408,0.537,0.461,0.409,0.594,0.489,4
hnr_db,phonation,0.003,0.507,0.002,0.572,0.463,0.626,0.471,0.38,0.534,0.53,0.511,4
jitter_local,phonation,0.152,0.514,0.002,0.355,0.598,0.442,0.546,0.579,0.44,0.612,0.51,4
f3_std,articulation,-0.164,0.45,0.002,0.52,0.491,0.446,0.621,0.425,0.395,0.53,0.49,4
vtl_cm,resonance,0.107,0.513,0.002,0.405,0.49,0.474,0.578,0.558,0.47,0.455,0.49,5
fvel_f2_p95,articulation,0.123,0.532,0.002,0.516,0.546,0.363,0.395,0.475,0.514,0.625,0.491,3
fvel_f1_med,articulation,0.216,0.564,0.002,0.514,0.661,0.384,0.432,0.474,0.449,0.644,0.508,3
f2_std,articulation,-0.128,0.463,0.002,0.589,0.469,0.43,0.47,0.461,0.584,0.545,0.507,3
f2_mean,articulation,0.003,0.502,0.002,0.612,0.519,0.525,0.31,0.48,0.481,0.527,0.494,3
energy_decl_db_s,respiration,0.054,0.507,0.0,0.687,0.552,0.268,0.476,0.476,0.525,0.543,0.504,4
fjump_frac,articulation,0.095,0.514,0.002,0.499,0.575,0.364,0.505,0.474,0.442,0.656,0.502,3
f3_mean,articulation,-0.127,0.469,0.002,0.579,0.495,0.511,0.341,0.461,0.573,0.548,0.501,4
am_16_32,rhythm,0.115,0.489,0.0,0.472,0.563,0.327,0.491,0.565,0.497,0.589,0.5,3
