layer,part,val_testlike_combined
0,mean,0.7216918642676162
0,both,0.6789754194025104
1,mean,0.6144521660105227
1,both,0.5303504827813001
2,mean,0.49496742475424677
2,both,0.4951249752086239
3,mean,0.38913560399616237
3,both,0.3909168191689468
4,mean,0.47190723656858663
4,both,0.468693782257685
5,mean,0.48699844215912647
5,both,0.5066015300057745
6,mean,0.5824695423200792
6,both,0.5832653558642733
7,mean,0.6605940292289879
7,both,0.6738221918054085
8,mean,0.7525059887547623
8,both,0.7729046234123294
9,mean,0.8113954500993611
9,both,0.8042786210435009
10,mean,0.758480636290449
10,both,0.8063772488134222
11,mean,0.7819130952167848
11,both,0.8037213559581635
12,mean,0.8038523516331721
12,both,0.8485069101107678
